 ,Vacancy reference number,Submition count,Date submited,SLA Deadline,Review completed,review started,hours in QA, taken to review,Outcome,Number of issues reported,Reviewed by,Vacancy submitted by,Employer,Display name,Training provider,Vacancy postcode,Standard / Framework
Test Title,VAC001470456,1,24/08/2018 11:59pm,24/08/2018 11:59pm,24/08/2018 11:59pm,24/08/2018 11:59pm,24,1hour 15min,Referred,2,hemanjali cheruku,Employer,"ACE Supplies Uk Ltd (Telford, TF3 3BA)",Employer name,"National Apprenticeship Service (Coventry, CV1 2WT)",TF3 3BA,"01 Health, Public Services and Care"
test Title,VAC001466186,2,09/08/2018 11:59 PM,09/08/2018 11:59 PM,09/08/2018 11:59 PM,09/08/2018 11:59 PM,21,1,Referred,2,hemanjali cheruku,Employer,"National Apprenticeship Service (Coventry, CV1 2WT)",Trading name,"National Apprenticeship Service (Coventry, CV1 2WT)",CV1 2WT,04 Engineering and Manufacturing Technologies
Test Vacancy 1 sultan,VAC001435791,2,09/08/2018 11:59 PM,09/08/2018 11:59 PM,09/08/2018 11:59 PM,09/08/2018 11:59 PM,2,1,Approved,5,Bill Bluey,Provider,"National Apprenticeship Service (Coventry, CV1 2WT)",Trading name,"National Apprenticeship Service (Coventry, CV1 2WT)",CV1 2WT,04 Engineering and Manufacturing Technologies
Test Vacancy Sultan,VAC001359015,3,18/09/2018 11:59pm,18/09/2018 11:59pm,18/09/2018 11:59pm,18/09/2018 11:59pm,2,1,Approved,6,Bill Bluey,Employer,"Accenture (U K) Ltd (London, EC3M 3BD)",Trading name,"National Apprenticeship Service (Coventry, CV1 2WT)",EC3M 3BD,04 Engineering and Manufacturing Technologies
Test Vacancy Sultan,VAC001359015,4,09/08/2018 11:59 PM,09/08/2018 11:59 PM,09/08/2018 11:59 PM,09/08/2018 11:59 PM,5,1,Referred,2,Jack Hollingworth,Provider,"National Apprenticeship Service (Coventry, CV1 2WT)",Employer name,"National Apprenticeship Service (Coventry, CV1 2WT)",CV1 2WT,04 Engineering and Manufacturing Technologies
Test Vacancy Sultan,VAC001359015,3,09/08/2018 11:59 PM,09/08/2018 11:59 PM,09/08/2018 11:59 PM,09/08/2018 11:59 PM,6,1,Approved,3,Shakeel Siddiq,Employer,"National Apprenticeship Service (Coventry, CV1 2WT)",Employer name,"National Apprenticeship Service (Coventry, CV1 2WT)",CV1 2WT,04 Engineering and Manufacturing Technologies
Test Vacancy Sultan,VAC001359015,1,09/08/2018 11:59 PM,09/08/2018 11:59 PM,09/08/2018 11:59 PM,09/08/2018 11:59 PM,2,1,Referred,2,Green Bey,Provider,"National Apprenticeship Service (Coventry, CV1 2WT)",Employer name,"National Apprenticeship Service (Coventry, CV1 2WT)",CV1 2WT,04 Engineering and Manufacturing Technologies
(Copy of) Test Vacancy Post Migration,VAC001427194,2,31/10/2018 11:59pm,31/10/2018 11:59pm,31/10/2018 11:59pm,31/10/2018 11:59pm,3,1,Approved,2,Zeshan Tariq,Employer,"AC FURNITURE (Birmingham, B11 2PY)",Trading name,"National Apprenticeship Service (Coventry, CV1 2WT)",B11 2PY,04 Engineering and Manufacturing Technologies
Test Vacancy Post Migration,VAC001427192,3,09/08/2018 11:59 PM,09/08/2018 11:59 PM,09/08/2018 11:59 PM,09/08/2018 11:59 PM,3,1,Approved,5,Zeshan Tariq,Provider,"National Apprenticeship Service (Coventry, CV1 2WT)",Trading name,"National Apprenticeship Service (Coventry, CV1 2WT)",CV1 2WT,04 Engineering and Manufacturing Technologies
Test Vacancy Sultan,VAC001359015,2,09/03/2018 11:59 PM,09/03/2018 11:59 PM,09/03/2018 11:59 PM,09/03/2018 11:59 PM,0.1,1,Referred,6,Zeshan Tariq,Employer,"Accenture (U K) Ltd (London, EC3M 3BD)",Annonymous,"National Apprenticeship Service (Coventry, CV1 2WT)",EC3M 3BD,"15 Business, Administration and Law"
TraineeShip please do not apply TEST Vacancy,VAC001428616,3,24/08/2018 11:59pm,24/08/2018 11:59pm,24/08/2018 11:59pm,24/08/2018 11:59pm,2,1,Approved,2,Fred Jones,Provider,"ACE Supplies Uk Ltd (Telford, TF3 3BA)",Employer name,"National Apprenticeship Service (Coventry, CV1 2WT)",TF3 3BA,"01 Health, Public Services and Care"
Test Trainee - A junior position,VAC001284131,4,21/10/2018 11:59pm,21/10/2018 11:59pm,21/10/2018 11:59pm,21/10/2018 11:59pm,2,1,Referred,3,Fred Jones,Employer,"Accenture (U K) Ltd (London, EC3M 3BD)",Employer name,"National Apprenticeship Service (Coventry, CV1 2WT)",EC3M 3BD,"15 Business, Administration and Law"
Test Trainee - Sultan,VAC001428916,2,09/08/2018 11:59 PM,09/08/2018 11:59 PM,09/08/2018 11:59 PM,09/08/2018 11:59 PM,2,1,Referred,2,Fred Jones,Employer,"National Apprenticeship Service (Coventry, CV1 2WT)",Employer name,"National Apprenticeship Service (Coventry, CV1 2WT)",CV1 2WT,04 Engineering and Manufacturing Technologies
Test Vacancy Sultan,VAC001359015,1,09/08/2018 11:59 PM,09/08/2018 11:59 PM,09/08/2018 11:59 PM,09/08/2018 11:59 PM,2,1,Referred,2,Fred Jones,Provider,"National Apprenticeship Service (Coventry, CV1 2WT)",Employer name,"National Apprenticeship Service (Coventry, CV1 2WT)",CV1 2WT,04 Engineering and Manufacturing Technologies
(Copy of) test Title,VAC001468701,1,09/08/2018 11:59 PM,09/08/2018 11:59 PM,09/08/2018 11:59 PM,09/08/2018 11:59 PM,12,1,Approved,5,James Mckechnie,Provider,"National Apprenticeship Service (Coventry, CV1 2WT)",Employer name,"National Apprenticeship Service (Coventry, CV1 2WT)",CV1 2WT,04 Engineering and Manufacturing Technologies
Test Vacancy Sultan,VAC001359015,1,09/08/2018 11:59 PM,09/08/2018 11:59 PM,09/08/2018 11:59 PM,09/08/2018 11:59 PM,21,1,Referred,6,oliver lawton,Employer,"National Apprenticeship Service (Coventry, CV1 2WT)",Annonymous,"National Apprenticeship Service (Coventry, CV1 2WT)",CV1 2WT,04 Engineering and Manufacturing Technologies
Test Vacancy Sultan,VAC001359015,1,09/08/2018 11:59 PM,09/08/2018 11:59 PM,09/08/2018 11:59 PM,09/08/2018 11:59 PM,65,1,Approved,2,john pulford,Provider,"National Apprenticeship Service (Coventry, CV1 2WT)",Trading name,"National Apprenticeship Service (Coventry, CV1 2WT)",CV1 2WT,04 Engineering and Manufacturing Technologies
Test Vacancy Sultan,VAC001359015,1,09/08/2018 11:59 PM,09/08/2018 11:59 PM,09/08/2018 11:59 PM,09/08/2018 11:59 PM,2,1,Referred,3,Jonathan Ward,Employer,"National Apprenticeship Service (Coventry, CV1 2WT)",Trading name,"National Apprenticeship Service (Coventry, CV1 2WT)",CV1 2WT,04 Engineering and Manufacturing Technologies
Test Vacancy Sultan,VAC001359015,2,12/07/2018 11:59 PM,12/07/2018 11:59 PM,12/07/2018 11:59 PM,12/07/2018 11:59 PM,2,1,Approved,2,mandlenkosi chauke,Provider,"National Apprenticeship Service (Coventry, CV1 2WT)",Employer name,"National Apprenticeship Service (Coventry, CV1 2WT)",CV1 2WT,04 Engineering and Manufacturing Technologies
Test,VAC001371695,1,09/03/2018 11:59 PM,09/03/2018 11:59 PM,09/03/2018 11:59 PM,09/03/2018 11:59 PM,6,1,Approved,2,Jihn Grives,Provider,"Accenture (U K) Ltd (London, EC3M 3BD)",Employer name,"National Apprenticeship Service (Coventry, CV1 2WT)",EC3M 3BD,"15 Business, Administration and Law"
Test Vacancy Sultan,VAC001359015,2,18/09/2018 11:59pm,18/09/2018 11:59pm,18/09/2018 11:59pm,18/09/2018 11:59pm,2,1,Approved,5,Billy Blue,Provider,"Accenture (U K) Ltd (London, EC3M 3BD)",Employer name,"National Apprenticeship Service (Coventry, CV1 2WT)",EC3M 3BD,04 Engineering and Manufacturing Technologies
Test Vacancy - Sultan,VAC001454540,3,24/08/2018 11:59pm,24/08/2018 11:59pm,24/08/2018 11:59pm,24/08/2018 11:59pm,3,1,Approved,6,Steve Bell,Provider,"ACE Supplies Uk Ltd (Telford, TF3 3BA)",Trading name,"National Apprenticeship Service (Coventry, CV1 2WT)",TF3 3BA,"01 Health, Public Services and Care"
Test Vacancy 1 sultan,VAC001435791,2,09/08/2018 11:59 PM,09/08/2018 11:59 PM,09/08/2018 11:59 PM,09/08/2018 11:59 PM,3,1,Approved,2,Steve Bell,Provider,"National Apprenticeship Service (Coventry, CV1 2WT)",Trading name,"National Apprenticeship Service (Coventry, CV1 2WT)",CV1 2WT,04 Engineering and Manufacturing Technologies
Test Vacancy - DO NOT APPLY PLEASE,VAC001427193,3,18/10/2018 11:59pm,18/10/2018 11:59pm,18/10/2018 11:59pm,18/10/2018 11:59pm,0.1,1,Approved,3,Steve Bell,Provider,"AC FURNITURE (Birmingham, B11 2PY)",Trading name,"National Apprenticeship Service (Coventry, CV1 2WT)",B11 2PY,
Test,VAC001371695,4,25/10/2018 11:59pm,25/10/2018 11:59pm,25/10/2018 11:59pm,25/10/2018 11:59pm,6,1,Approved,2,Steve Bell,Provider,"AC FURNITURE (Birmingham, B11 2PY)",Employer name,"National Apprenticeship Service (Coventry, CV1 2WT)",B11 2PY,
Test Vacancy 1 sultan,VAC001435791,2,17/07/2018 11:59pm,17/07/2018 11:59pm,17/07/2018 11:59pm,17/07/2018 11:59pm,2,1,Approved,2,Jim Brown,Provider,"Accpro Accountants (Birmingham, B12 0LD)",Employer name,"National Apprenticeship Service (Coventry, CV1 2WT)",BS15 0ZZ,
Test Vacancy - Sultan,VAC001454540,1,12/07/2018 11:59 PM,12/07/2018 11:59 PM,12/07/2018 11:59 PM,12/07/2018 11:59 PM,3,1,Approved,5,Bill Buffalo,Provider,"Accpro Accountants (Birmingham, B12 0LD)",Employer name,"National Apprenticeship Service (Coventry, CV1 2WT)",B12 0LD,
Test Vacancy Sultan,VAC001359015,1,19/08/2018 11:59pm,19/08/2018 11:59pm,19/08/2018 11:59pm,19/08/2018 11:59pm,3,1,Approved,6,Bill Buffalo,Provider,"National Apprenticeship Service (Coventry, CV1 2WT)",Trading name,"National Apprenticeship Service (Coventry, CV1 2WT)",CV1 2WT,
Test - By Sultan,VAC001466897,1,19/07/2018 11:59pm,19/07/2018 11:59pm,19/07/2018 11:59pm,19/07/2018 11:59pm,0.1,1,Referred,2,Jimmy McBeta,Provider,"AC FURNITURE (Birmingham, B11 2PY)",Trading name,"National Apprenticeship Service (Coventry, CV1 2WT)",B11 2PY,
Test Vacancy Sultan,VAC001359015,1,19/07/2018 11:59pm,19/07/2018 11:59pm,19/07/2018 11:59pm,19/07/2018 11:59pm,3,1,Approved,3,Jimmy McBeta,Provider,"Accpro Accountants (Birmingham, B12 0LD)",Trading name,"National Apprenticeship Service (Coventry, CV1 2WT)",NE1 1BB,