PROTECT,,,,,,,,,,,,,,,,,,,,,,,,,,,,
,,,,,,,,,,,,,,,,,,,,,,,,,,,,
,,,,,,,,,,,,,,,,,,,,,,,,,,,,
Date,Total_Number_Of_Applications,,,,,,,,,,,,,,,,,,,,,,,,,,,
04/02/2019 14:12,30,,,,,,,,,,,,,,,,,,,,,,,,,,,
,,,,,,,,,,,,,,,,,,,,,,,,,,,,
Candidate_Name,APPLICANT ID,Address_Line1,Address_Line2,Address_Line3,Address_Line4,Town,County,Postcode,Telephone,Email,School,Date_of_Birth,Ethnic_Origin,Gender,Sector,Framework,Framework_Status,Standard_Subject_Area_Tier_1,Standard_Sector,Standard,Standard_Status,Employer,Vacancy_Postcode,Learning_Provider,Application_Date,Application_Status,Allocated_To,Vacancy_Closing_Date
Bill Bluey,516D10B (0001-190-22),17 Beacon Road,,Coventry,West Midlands,N/A,West Midlands,CV6 4DR,07946583395,sultan.m4hmood+qa107@gmail.com,,01/11/1980,Unspecified,Male,,,,"01 Health, Public Services and Care",Adult care,106 Adult care worker,Active,"ACE Supplies Uk Ltd (Telford, TF3 3BA)",TF3 3BA,"National Apprenticeship Service (Coventry, CV1 2WT)",03/08/2018,Sent,,24/08/2018
Bill Bluey,516D10B (0001-190-22),17 Beacon Road,,Coventry,West Midlands,N/A,West Midlands,CV6 4DR,07946583395,sultan.m4hmood+qa107@gmail.com,,01/11/1980,Unspecified,Male,,,,04 Engineering and Manufacturing Technologies,Aerospace,107 Survival equipment fitter,Active,"National Apprenticeship Service (Coventry, CV1 2WT)",CV1 2WT,"National Apprenticeship Service (Coventry, CV1 2WT)",03/08/2018,Unsuccessful,,09/08/2018
Bill Buffalo,0C8C42F (004-023-072),23 Beacon Road,,,Coventry,N/A,West Midlands,CV6 4DR,07946583395,sultan.m4hmood+qa2@gmail.com,,02/01/1979,Not applicable,Male,,,,04 Engineering and Manufacturing Technologies,Aerospace,107 Survival equipment fitter,Active,"National Apprenticeship Service (Coventry, CV1 2WT)",CV1 2WT,"National Apprenticeship Service (Coventry, CV1 2WT)",19/07/2018,Unsuccessful,,09/08/2018
Bill Buffalo,0C8C42F (004-023-072),23 Beacon Road,,,Coventry,N/A,West Midlands,CV6 4DR,07946583395,sultan.m4hmood+qa2@gmail.com,,02/01/1979,Not applicable,Male,,,,04 Engineering and Manufacturing Technologies,Advanced Manufacturing,275 Advanced Baker,Active,"Accenture (U K) Ltd (London, EC3M 3BD)",EC3M 3BD,"National Apprenticeship Service (Coventry, CV1 2WT)",18/09/2018,Candidate Withdrew,,18/09/2018
Billy Blue,9C4208F (0000-276-48),9 Beacon Road,,Coventry,West Midlands,N/A,West Midlands,CV6 4DR,024765555555,sultan.m4hmood+qa4@gmail.com,,01/01/1977,Unspecified,Male,,,,04 Engineering and Manufacturing Technologies,Aerospace,107 Survival equipment fitter,Active,"National Apprenticeship Service (Coventry, CV1 2WT)",CV1 2WT,"National Apprenticeship Service (Coventry, CV1 2WT)",05/02/2018,In progress,,09/08/2018
Fred Jones,4328BFE (0001-165-85),23 Beacon Road,,Coventry,West Midlands,N/A,West Midlands,CV6 4DR,07946583395,sultan.m4hmood+qa14@gmail.com,,11/02/1980,Unspecified,Male,,,,04 Engineering and Manufacturing Technologies,Aerospace,107 Survival equipment fitter,Active,"National Apprenticeship Service (Coventry, CV1 2WT)",CV1 2WT,"National Apprenticeship Service (Coventry, CV1 2WT)",12/07/2018,Unsuccessful,,09/08/2018
Green Bey,F8445D3 (0001-165-86),17 Beacon Road,,Coventry,West Midlands,N/A,West Midlands,CV6 4DR,07946583395,sultan.m4hmood+qa500@gmail.com,,11/12/1990,Unspecified,Male,,,,04 Engineering and Manufacturing Technologies,Aerospace,107 Survival equipment fitter,Active,"National Apprenticeship Service (Coventry, CV1 2WT)",CV1 2WT,"National Apprenticeship Service (Coventry, CV1 2WT)",16/07/2018,Unsuccessful,,09/08/2018
hemanjali cheruku,8EB9D58 (0001-250-96),London Road,,Northampton,Northamptonshire,N/A,Northamptonshire,NN4 7GY,07714630308,hemanjali.cheruku@digital.education.gov.uk,,13/06/1991,Indian,Female,,,,04 Engineering and Manufacturing Technologies,Advanced Manufacturing,275 Advanced Baker,Active,"AC FURNITURE (Birmingham, B11 2PY)",B11 2PY,"National Apprenticeship Service (Coventry, CV1 2WT)",31/10/2018,Candidate Withdrew,,31/10/2018
Jack Hollingworth,1EB2EE0 (0001-188-32),62 Wyke Road,,Coventry,West Midlands,N/A,Warwickshire,CV2 3DU,07950781964,jackhollingworth223@gmail.com,,10/10/2000,British,Male,,,,04 Engineering and Manufacturing Technologies,Aerospace,107 Survival equipment fitter,Active,"National Apprenticeship Service (Coventry, CV1 2WT)",CV1 2WT,"National Apprenticeship Service (Coventry, CV1 2WT)",01/08/2018,Sent,,09/08/2018
Jihn Grives,36D1278 (0000-968-83),17 Beacon Road,,Coventry,West Midlands,N/A,West Midlands,CV6 4DR,024764444444,sultan.m4hmood+qa201@gmail.com,,01/01/1980,Unspecified,Male,,,,"15 Business, Administration and Law",Accountancy,134 Assistant accountant,Active,"Accenture (U K) Ltd (London, EC3M 3BD)",EC3M 3BD,"National Apprenticeship Service (Coventry, CV1 2WT)",08/03/2018,Unsuccessful,,09/03/2018
Jim Brown,7CF78A7 (004-024-651),11 Beacon Road,"Coventry, Coventry",,,N/A,West Midlands,CV6 4DR,07946583377,sultan.m4hmood+qa3@gmail.com,,12/01/1980,British,Male,,,,"01 Health, Public Services and Care",Adult care,106 Adult care worker,Active,"ACE Supplies Uk Ltd (Telford, TF3 3BA)",TF3 3BA,"National Apprenticeship Service (Coventry, CV1 2WT)",23/08/2018,Candidate Withdrew,,24/08/2018
Jimmy McBeta,B8AFC01 (004-022-644),13 Beacon Road,,,Coventry,N/A,West Midlands,CV6 4DR,07946583395,sultan.m4hmood+qa1@gmail.com,,01/01/1979,Not applicable,Male,,,,"15 Business, Administration and Law",Accountancy,134 Assistant accountant,Active,"Accenture (U K) Ltd (London, EC3M 3BD)",EC3M 3BD,"National Apprenticeship Service (Coventry, CV1 2WT)",21/10/2018,Successful,,21/10/2018
Jimmy McBeta,B8AFC01 (004-022-644),13 Beacon Road,,,Coventry,N/A,West Midlands,CV6 4DR,07946583395,sultan.m4hmood+qa1@gmail.com,,01/01/1979,Not applicable,Male,,,,04 Engineering and Manufacturing Technologies,Aerospace,107 Survival equipment fitter,Active,"National Apprenticeship Service (Coventry, CV1 2WT)",CV1 2WT,"National Apprenticeship Service (Coventry, CV1 2WT)",23/04/2018,Unsuccessful,,09/08/2018
john pulford,72B14DC (0001-043-50),57 Glaisdale Avenue,,Coventry,West Midlands,N/A,West Midlands,CV6 4LQ,07376151564,johnpulford94@gmail.com,,13/06/1994,British,Male,,,,04 Engineering and Manufacturing Technologies,Aerospace,107 Survival equipment fitter,Active,"National Apprenticeship Service (Coventry, CV1 2WT)",CV1 2WT,"National Apprenticeship Service (Coventry, CV1 2WT)",04/08/2018,Sent,,09/08/2018
Jonathan Ward,E245E4D (0001-042-46),8 Warwick Street,,Coventry,West Midlands,N/A,West Midlands,CV5 6ET,07732131182,midlandiania@outlook.com,,26/04/1985,Not applicable,Unspecified,,,,04 Engineering and Manufacturing Technologies,Aerospace,107 Survival equipment fitter,Active,"National Apprenticeship Service (Coventry, CV1 2WT)",CV1 2WT,"National Apprenticeship Service (Coventry, CV1 2WT)",13/07/2018,In progress,,09/08/2018
mandlenkosi chauke,5694F9F (0001-018-73),62B Salop Street,,Dudley,West Midlands,N/A,West Midlands,DY1 3AZ,07482246883,mandlachauke@yahoo.co.uk,,23/10/1989,African,Male,,,,04 Engineering and Manufacturing Technologies,Aerospace,107 Survival equipment fitter,Active,"National Apprenticeship Service (Coventry, CV1 2WT)",CV1 2WT,"National Apprenticeship Service (Coventry, CV1 2WT)",23/07/2018,Sent,,09/08/2018
oliver lawton,DFADD52 (0001-070-15),65 Huntingdon Road,,Coventry,West Midlands,N/A,West Midlands,CV5 6PT,07814139477,ojlawt@gmail.com,,29/05/1996,British,Male,,,,04 Engineering and Manufacturing Technologies,Aerospace,107 Survival equipment fitter,Active,"National Apprenticeship Service (Coventry, CV1 2WT)",CV1 2WT,"National Apprenticeship Service (Coventry, CV1 2WT)",25/07/2018,Sent,,09/08/2018
Shakeel Siddiq,BE41464 (0001-168-24),95 Cambridge Street,,Coventry,West Midlands,N/A,West Midlands,CV1 5HU,07944540553,kelly390@live.co.uk,,29/07/2001,Other mixed background,Male,,,,04 Engineering and Manufacturing Technologies,Aerospace,107 Survival equipment fitter,Active,"National Apprenticeship Service (Coventry, CV1 2WT)",CV1 2WT,"National Apprenticeship Service (Coventry, CV1 2WT)",14/07/2018,Sent,,09/08/2018
Steve Bell,9F056CD (004-026-259),13 Beacon Road,,Coventry,West Midlands,N/A,West Midlands,CV6 4DR,079465833888,sultan.m4hmood+qa5@gmail.com,,01/01/1980,Irish,Male,,,,04 Engineering and Manufacturing Technologies,Energy and Utilities,163 Power Engineer,Active,"National Apprenticeship Service (Coventry, CV1 2WT)",CV1 2WT,"National Apprenticeship Service (Coventry, CV1 2WT)",12/07/2018,Successful,,12/07/2018
Steve Bell,9F056CD (004-026-259),13 Beacon Road,,Coventry,West Midlands,N/A,West Midlands,CV6 4DR,079465833888,sultan.m4hmood+qa5@gmail.com,,01/01/1980,Irish,Male,,,,"15 Business, Administration and Law",Accountancy,134 Assistant accountant,Active,"Accenture (U K) Ltd (London, EC3M 3BD)",EC3M 3BD,"National Apprenticeship Service (Coventry, CV1 2WT)",08/03/2018,Unsuccessful,,09/03/2018
Steve Bell,9F056CD (004-026-259),13 Beacon Road,,Coventry,West Midlands,N/A,West Midlands,CV6 4DR,079465833888,sultan.m4hmood+qa5@gmail.com,,01/01/1980,Irish,Male,,,,04 Engineering and Manufacturing Technologies,Advanced Manufacturing,275 Advanced Baker,Active,"Accenture (U K) Ltd (London, EC3M 3BD)",EC3M 3BD,"National Apprenticeship Service (Coventry, CV1 2WT)",18/09/2018,Candidate Withdrew,,18/09/2018
Steve Bell,9F056CD (004-026-259),13 Beacon Road,,Coventry,West Midlands,N/A,West Midlands,CV6 4DR,079465833888,sultan.m4hmood+qa5@gmail.com,,01/01/1980,Irish,Male,,,,"01 Health, Public Services and Care",Adult care,106 Adult care worker,Active,"ACE Supplies Uk Ltd (Telford, TF3 3BA)",TF3 3BA,"National Apprenticeship Service (Coventry, CV1 2WT)",23/08/2018,Unsuccessful,,24/08/2018
Zeshan Tariq,26298C6 (0001-165-86),39 Hurricane Way,Rogerstone,Newport,Gwent,N/A,Gloucestershire,NP10 9NJ,07880807758,mrztariq@btinternet.com,,12/12/1967,Indian,Unspecified,,,,04 Engineering and Manufacturing Technologies,Aerospace,107 Survival equipment fitter,Active,"National Apprenticeship Service (Coventry, CV1 2WT)",CV1 2WT,"National Apprenticeship Service (Coventry, CV1 2WT)",12/07/2018,Sent,,09/08/2018
hemanjali cheruku,8EB9D58 (0001-250-96),London Road,,Northampton,Northamptonshire,N/A,Northamptonshire,NN4 7GY,07714630308,hemanjali.cheruku@digital.education.gov.uk,,13/06/1991,Indian,Female,"03 Agriculture, Horticulture and Animal Care",528 Agriculture,Active,,,,,"AC FURNITURE (Birmingham, B11 2PY)",B11 2PY,"National Apprenticeship Service (Coventry, CV1 2WT)",18/10/2018,Candidate Withdrew,,18/10/2018
James Mckechnie,8E1396D (0001-161-20),68 Brown Street,,Greenock,,N/A,West Midlands,CV5 8DS,07931606825,james.mckechnie@education.gov.uk,,28/01/1996,British,Male,"03 Agriculture, Horticulture and Animal Care",528 Agriculture,Active,,,,,"AC FURNITURE (Birmingham, B11 2PY)",B11 2PY,"National Apprenticeship Service (Coventry, CV1 2WT)",25/10/2018,Candidate Withdrew,,25/10/2018
Zeshan Tariq,26298C6 (0001-165-86),39 Hurricane Way,Rogerstone,Newport,Gwent,N/A,Gloucestershire,NP10 9NJ,07880807758,mrztariq@btinternet.com,,12/12/1967,Indian,Unspecified,"03 Agriculture, Horticulture and Animal Care",439 Animal Care,Active,,,,,"Accpro Accountants (Birmingham, B12 0LD)",BS15 0ZZ,"National Apprenticeship Service (Coventry, CV1 2WT)",12/07/2018,Successful,,17/07/2018
Zeshan Tariq,26298C6 (0001-165-86),39 Hurricane Way,Rogerstone,Newport,Gwent,N/A,Gloucestershire,NP10 9NJ,07880807758,mrztariq@btinternet.com,,12/12/1967,Indian,Unspecified,"03 Agriculture, Horticulture and Animal Care",439 Animal Care,Active,,,,,"Accpro Accountants (Birmingham, B12 0LD)",B12 0LD,"National Apprenticeship Service (Coventry, CV1 2WT)",12/07/2018,Unsuccessful,,12/07/2018
Fred Jones,4328BFE (0001-165-85),23 Beacon Road,,Coventry,West Midlands,N/A,West Midlands,CV6 4DR,07946583395,sultan.m4hmood+qa14@gmail.com,,11/02/1980,Unspecified,Male,99 Traineeship,999 Traineeship,Active,,,,,"National Apprenticeship Service (Coventry, CV1 2WT)",CV1 2WT,"National Apprenticeship Service (Coventry, CV1 2WT)",19/07/2018,In progress,,19/08/2018
Fred Jones,4328BFE (0001-165-85),23 Beacon Road,,Coventry,West Midlands,N/A,West Midlands,CV6 4DR,07946583395,sultan.m4hmood+qa14@gmail.com,,11/02/1980,Unspecified,Male,99 Traineeship,999 Traineeship,Active,,,,,"AC FURNITURE (Birmingham, B11 2PY)",B11 2PY,"National Apprenticeship Service (Coventry, CV1 2WT)",19/07/2018,In progress,,19/07/2018
Fred Jones,4328BFE (0001-165-85),23 Beacon Road,,Coventry,West Midlands,N/A,West Midlands,CV6 4DR,07946583395,sultan.m4hmood+qa14@gmail.com,,11/02/1980,Unspecified,Male,99 Traineeship,999 Traineeship,Active,,,,,"Accpro Accountants (Birmingham, B12 0LD)",NE1 1BB,"National Apprenticeship Service (Coventry, CV1 2WT)",19/07/2018,In progress,,19/07/2018
